k-prototypes,lca,spectralCAT,spectral lambda=0 kernel=median_pairwise,spectral lambda=1 kernel=median_pairwise,spectral lambda=100 kernel=median_pairwise,spectral lambda=1000 kernel=median_pairwise,spectral lambda=0 kernel=cv_sigma,spectral lambda=1 kernel=cv_sigma,spectral lambda=100 kernel=cv_sigma,spectral lambda=1000 kernel=cv_sigma,spectral lambda=0 kernel=preset,spectral lambda=1 kernel=preset,spectral lambda=100 kernel=preset,spectral lambda=1000 kernel=preset
0.009067058563232422,0.060346126556396484,0.1472790241241455,2.208312749862671,2.0216498374938965,3.383932113647461,2.0956921577453613,0.011713027954101562,0.011404752731323242,0.011069774627685547,0.011356353759765625,0.010909080505371094,0.011070013046264648,0.011281967163085938,0.011018037796020508
