metrics,k-prototypes,lca,spectralCAT,famd,spectral lambda=0 kernel=median_pairwise,spectral lambda=1 kernel=median_pairwise,spectral lambda=100 kernel=median_pairwise,spectral lambda=1000 kernel=median_pairwise,spectral lambda=0 kernel=cv_sigma,spectral lambda=1 kernel=cv_sigma,spectral lambda=100 kernel=cv_sigma,spectral lambda=1000 kernel=cv_sigma,spectral lambda=0 kernel=preset,spectral lambda=1 kernel=preset,spectral lambda=100 kernel=preset,spectral lambda=1000 kernel=preset
purity,0.34916201117318435,0.840782122905028,0.8631284916201117,0.8631284916201117,0.34916201117318435,0.4106145251396648,0.7932960893854749,0.7932960893854749,0.35195530726256985,0.34916201117318435,0.7960893854748603,0.7877094972067039,0.35195530726256985,0.35195530726256985,0.7877094972067039,0.7932960893854749
calinski_harabasz,2.8683062563324753,264.74234332121097,219.78566911520008,239.71351860380724,2.6576504740255427,11.626250286905314,235.17335487964817,234.4869301237972,3.6930895222754043,4.4457658457778155,241.84762384684467,225.28717384637528,3.6919306980825217,4.934826780336795,174.30439369531754,234.4869301237972
silhouette,-0.021846523508429527,0.22751523554325104,0.16297873854637146,0.20296160876750946,-0.049281440675258636,-0.01756526157259941,0.19824643433094025,0.19869574904441833,-0.05834656581282616,-0.014408514834940434,0.19830253720283508,0.19720782339572906,-0.05716654658317566,-0.025746190920472145,0.20294909179210663,0.19869574904441833
adjusted_rand,0.027124022721025064,0.8227261092847556,0.8274200220764244,0.7331389282523331,0.0274540121679326,0.0951949170961028,0.6566684074818934,0.6570382724859379,0.031048461154293484,0.03398259566020598,0.66316922736754,0.6320317218094528,0.029837614583361344,0.034543110737928595,0.636619788348671,0.6570382724859379
homogeneity,0.10350506244180371,0.8959178329559625,0.8453453936479994,0.8736386991493389,0.11566875363171016,0.18809099863003326,0.7964607528915129,0.7965440891824404,0.11168845473265414,0.249069645634652,0.8036195878575343,0.7960440560847979,0.10816515882106471,0.28038298003642004,0.8646381935070128,0.7965440891824404
